category,name,slug,url,price,discount,description,image_count,image_files,image_urls
Charger,MXD-004,mxd-004,https://mxdindia.com/p/mxd-004,,,"Keep your phone topped up on every drive. The MXD-004 comes with twin USB-A outputs, aluminium-finish body with ring detailing and compact bullet design. Colour: Blue / Gold. MXD – Quality for Everyone.",1,mxd-004-dual-usb-metal-car-charger.webp,
Speaker,MXD-100,mxd-100,https://mxdindia.com/p/mxd-100,,,"Take your music anywhere with this portable speaker. The MXD-100 comes with soundbar-style body, built-in phone stand slot and red accent trim. Colour: Black / Red. MXD – Quality for Everyone.",1,mxd-100-soundbar-speaker-phone-stand-red.webp,
Charger,MXD-102,mxd-102,https://mxdindia.com/p/mxd-102,,,"Keep your phone topped up on every drive. The MXD-102 comes with USB-A + Type-C dual output, blue LED ring around ports and ribbed grip head. Colour: Black. MXD – Quality for Everyone.",1,mxd-102-usb-c-car-charger-led-ring.webp,
Charger,MXD-109,mxd-109,https://mxdindia.com/p/mxd-109,,,"Keep your phone topped up on every drive. The MXD-109 comes with twin USB-A outputs, knurled metal head and glossy black body. Colour: Silver / Black. MXD – Quality for Everyone.",1,mxd-109-dual-usb-car-charger-metal-head.webp,
Charger,MXD-110,mxd-110,https://mxdindia.com/p/mxd-110,,,"Keep your phone topped up on every drive. The MXD-110 comes with USB-A + Type-C dual output, full metal gunmetal body and illuminated port ring. Colour: Gunmetal Grey. MXD – Quality for Everyone.",1,mxd-110-usb-a-type-c-metal-car-charger.webp,
Charger,MXD-115,mxd-115,https://mxdindia.com/p/mxd-115,,,"Keep your phone topped up on every drive. The MXD-115 comes with single USB-A output, LED power indicator and compact glossy body. Colour: White. MXD – Quality for Everyone.",1,mxd-115-single-usb-car-charger.webp,
Charger,MXD-117,mxd-117,https://mxdindia.com/p/mxd-117,,,"Keep your phone topped up on every drive. The MXD-117 comes with built-in coiled cable, extra USB-A port and glossy black body. Colour: Black / Grey. MXD – Quality for Everyone.",1,mxd-117-car-charger-coiled-cable.webp,
Charger,MXD-127,mxd-127,https://mxdindia.com/p/mxd-127,,,"Fast, dependable charging at home or office. The MXD-127 comes with compact cylindrical body, single output port and indian 2-pin plug. Colour: White. MXD – Quality for Everyone.",1,mxd-127-compact-type-c-wall-charger.webp,
Charger,MXD-130,mxd-130,https://mxdindia.com/p/mxd-130,,,"Keep your phone topped up on every drive. The MXD-130 comes with built-in coiled multi-pin cable, extra USB-A port and charges multiple phone types. Colour: White / Grey. MXD – Quality for Everyone.",1,mxd-130-car-charger-multi-pin-coiled-cable.webp,
Charger,MXD-152,mxd-152,https://mxdindia.com/p/mxd-152,,,"Fast, dependable charging at home or office. The MXD-152 comes with single USB-A output, compact body and indian 2-pin plug. Colour: White. MXD – Quality for Everyone.",1,mxd-152-single-usb-wall-charger.webp,
Charger,MXD-157,mxd-157,https://mxdindia.com/p/mxd-157,,,"Fast, dependable charging at home or office. The MXD-157 comes with USB-A + Type-C dual output, LED power indicator and matte grey finish. Colour: Grey. MXD – Quality for Everyone.",1,mxd-157-usb-a-type-c-fast-wall-charger.webp,
Charger,MXD-158,mxd-158,https://mxdindia.com/p/mxd-158,,,"Fast, dependable charging at home or office. The MXD-158 comes with single USB-A output, USB cable included and indian 2-pin plug. Colour: White. MXD – Quality for Everyone.",1,mxd-158-usb-wall-charger-with-cable.webp,
Charger,MXD-160,mxd-160,https://mxdindia.com/p/mxd-160,,,"Fast, dependable charging at home or office. The MXD-160 comes with single USB-A output, slim body and indian 2-pin plug. Colour: White. MXD – Quality for Everyone.",1,mxd-160-slim-usb-wall-charger.webp,
Charger,MXD-161,mxd-161,https://mxdindia.com/p/mxd-161,,,"Charge your phone straight from a battery when there's no power socket. The MXD-161 comes with crocodile clips for battery connection, coiled multi-pin output cable and charges multiple phone types. Colour: White. MXD – Quality for Everyone.",1,mxd-161-universal-emergency-charger-battery-clips.webp,
Charger,MXD-163,mxd-163,https://mxdindia.com/p/mxd-163,,,"Fast, dependable charging at home or office. The MXD-163 comes with built-in Micro-USB cable, compact body and indian 2-pin plug. Colour: Black. MXD – Quality for Everyone.",1,mxd-163-wall-charger-built-in-micro-usb.webp,
Charger,MXD-165,mxd-165,https://mxdindia.com/p/mxd-165,,,"Fast, dependable charging at home or office. The MXD-165 comes with built-in cable, compact body and indian 2-pin plug. Colour: Grey. MXD – Quality for Everyone.",1,mxd-165-wall-charger-built-in-cable.webp,
Charger,MXD-169,mxd-169,https://mxdindia.com/p/mxd-169,,,"Fast, dependable charging at home or office. The MXD-169 comes with built-in cable with legacy pin connector, LED indicator and round 2-pin plug. Colour: Black. MXD – Quality for Everyone.",1,mxd-169-travel-charger-pin-connector.webp,
Charger,MXD-171,mxd-171,https://mxdindia.com/p/mxd-171,,,"Fast, dependable charging at home or office. The MXD-171 comes with twin USB-A outputs, USB cable included and ribbed-texture body. Colour: White. MXD – Quality for Everyone.",1,mxd-171-dual-usb-wall-charger-with-cable.webp,
Charger,MXD-CH173,mxd-173,https://mxdindia.com/p/mxd-173,,-17%,"Fast, dependable charging at home or office. The MXD-173 comes with 2.8 A single USB output, pure copper chip and over-voltage protection. Colour: White / Orange. MXD – Quality for Everyone.",1,mxd-173-single-usb-wall-charger-2-8a.webp,
Charger,MXD-174,mxd-174,https://mxdindia.com/p/mxd-174,,,"Fast, dependable charging at home or office. The MXD-174 comes with single USB-A output, rounded compact body and indian 2-pin plug. Colour: White. MXD – Quality for Everyone.",1,mxd-174-usb-wall-charger-side-port.webp,
Charger,MXD-180,mxd-180,https://mxdindia.com/p/mxd-180,,,"Charge removable mobile batteries directly. The MXD-180 comes with adjustable clips for mobile batteries, transparent flip lid and LED indicators. Colour: Blue / Cream. MXD – Quality for Everyone.",1,mxd-180-universal-mobile-battery-charger.webp,
Charger,MXD-188,mxd-188,https://mxdindia.com/p/mxd-188,,,"Fast, dependable charging at home or office. The MXD-188 comes with single fast-charge USB-A output, LED indicator and metallic finish. Colour: Gunmetal / Black. MXD – Quality for Everyone.",1,mxd-188-usb-fast-wall-charger-metallic.webp,
Charger,MXD-189,mxd-189,https://mxdindia.com/p/mxd-189,,,"Fast, dependable charging at home or office. The MXD-189 comes with built-in short Type-C cable, extra USB-A and Type-C ports and compact black body. Colour: Black. MXD – Quality for Everyone.",1,mxd-189-wall-charger-built-in-type-c-cable.webp,
Charger,MXD-190,mxd-190,https://mxdindia.com/p/mxd-190,,,"Fast, dependable charging at home or office. The MXD-190 comes with single USB-A output, compact body and indian 2-pin plug. Colour: White. MXD – Quality for Everyone.",1,mxd-190-classic-usb-wall-charger.webp,
Charger,MXD-193,mxd-193,https://mxdindia.com/p/mxd-193,,,"Fast, dependable charging at home or office. The MXD-193 comes with twin USB-A outputs, ribbed grey base and indian 2-pin plug. Colour: White / Grey. MXD – Quality for Everyone.",1,mxd-193-dual-usb-wall-charger-ribbed.webp,
Charger,MXD-194,mxd-194,https://mxdindia.com/p/mxd-194,,,"Fast, dependable charging at home or office. The MXD-194 comes with single USB-A output, flat compact body and indian 2-pin plug. Colour: White. MXD – Quality for Everyone.",1,mxd-194-flat-usb-wall-charger.webp,
Charger,MXD-195,mxd-195,https://mxdindia.com/p/mxd-195,,,"Fast, dependable charging at home or office. The MXD-195 comes with twin USB-A outputs, orange accent top and indian 2-pin plug. Colour: White / Orange. MXD – Quality for Everyone.",1,mxd-195-dual-usb-wall-charger-orange.webp,
Charger,MXD-202,mxd-202,https://mxdindia.com/p/mxd-202,,,"Fast, dependable charging at home or office. The MXD-202 comes with carbon-fibre texture body, compact design and indian 2-pin plug. Colour: White. MXD – Quality for Everyone.",1,mxd-202-wall-charger-carbon-texture.webp,
Charger,MXD-CH 251 SPEED,mxd--251,https://mxdindia.com/p/mxd--251,,-17%,"Fast, dependable charging at home or office. The MXD-251 comes with 20 W fast charging, multi-protocol support and compact round body. Colour: White. MXD – Quality for Everyone.",1,mxd-251-20w-fast-wall-charger.webp,
Charger,MXD-257,mxd-257,https://mxdindia.com/p/mxd-257,,,"Fast, dependable charging at home or office. The MXD-257 comes with built-in cable, ribbed body and indian 2-pin plug. Colour: Grey. MXD – Quality for Everyone.",1,mxd-257-wall-charger-built-in-cable-grey.webp,
Charger,MXD-259,mxd-259,https://mxdindia.com/p/mxd-259,,,"Fast, dependable charging at home or office. The MXD-259 comes with matte black body, compact design and indian 2-pin plug. Colour: Black. MXD – Quality for Everyone.",1,mxd-259-black-wall-charger.webp,
Charger,MXD-260,mxd-260,https://mxdindia.com/p/mxd-260,,,"Fast, dependable charging at home or office. The MXD-260 comes with single USB-A output, grey port panel and indian 2-pin plug. Colour: White / Grey. MXD – Quality for Everyone.",1,mxd-260-usb-wall-charger-grey-panel.webp,
Charger,MXD-262,mxd-262,https://mxdindia.com/p/mxd-262,,,"Fast, dependable charging at home or office. The MXD-262 comes with twin USB-A outputs, LED indicator and compact body. Colour: White. MXD – Quality for Everyone.",1,mxd-262-dual-usb-wall-charger-green.webp,
Charger,MXD-266,mxd-266,https://mxdindia.com/p/mxd-266,,,"Fast, dependable charging at home or office. The MXD-266 comes with built-in cable with legacy pin connector, round compact body and round 2-pin plug. Colour: Black. MXD – Quality for Everyone.",1,mxd-266-round-travel-charger-pin-connector.webp,
Charger,MXD-279,mxd-279,https://mxdindia.com/p/mxd-279,,,"Fast, dependable charging at home or office. The MXD-279 comes with 33 W fast charging (printed on unit), single USB-A output and ribbed top design. Colour: White. MXD – Quality for Everyone.",1,mxd-279-33w-fast-wall-charger.webp,
Charger,MXD-282,mxd-282,https://mxdindia.com/p/mxd-282,,,"Fast, dependable charging at home or office. The MXD-282 comes with fast-charge USB-A output, red USB-A to Type-C cable included and textured white body. Colour: White. MXD – Quality for Everyone.",1,mxd-282-fast-wall-charger-type-c-cable.webp,
Charger,MXD-287,mxd-287,https://mxdindia.com/p/mxd-287,,,"Fast, dependable charging at home or office. The MXD-287 comes with super fast charging (printed on unit), type-C to Type-C cable included and indian 2-pin plug. Colour: White. MXD – Quality for Everyone.",1,mxd-287-super-fast-type-c-wall-charger-cable.webp,
Adapter,MXD-312,mxd-312,https://mxdindia.com/p/mxd-312,,,"Connect USB accessories to your Type-C phone or tablet. The MXD-312 comes with type-C male to USB-A female, connect pen drives, keyboards and mice and flexible short cable. Colour: White. MXD – Quality for Everyone.",1,mxd-312-type-c-otg-adapter.webp,
Adapter,MXD-313,mxd-313,https://mxdindia.com/p/mxd-313,,,"Expand one Type-C port into four USB ports. The MXD-313 comes with 4 USB-A ports, type-C input and aluminium-finish body. Colour: Silver / White. MXD – Quality for Everyone.",1,mxd-313-4-port-type-c-usb-hub.webp,
Adapter,MXD-314,mxd-314,https://mxdindia.com/p/mxd-314,,,"Use your wired headphones with a Lightning iPhone. The MXD-314 comes with lightning to 3.5 mm headphone jack, braided cable and metal connector housing. Colour: Silver / Black. MXD – Quality for Everyone.",1,mxd-314-lightning-to-3-5mm-audio-adapter.webp,
Neckband,MXD-352,mxd-352,https://mxdindia.com/p/mxd-352,,,"Wireless freedom with all-day comfort around your neck. The MXD-352 comes with magnetic metal earbuds, flexible neckband and in-line controls. Colour: Black / Gunmetal. MXD – Quality for Everyone.",1,mxd-352-bluetooth-neckband-metal-buds.webp,
AirPods,MXD-364,mxd-364,https://mxdindia.com/p/mxd-364,,,"Cut the cord with true wireless earbuds built for everyday listening. The MXD-364 comes with stem-style true wireless earbuds, square flip-open charging case and matte metallic finish. Colour: Gunmetal Grey. MXD – Quality for Everyone.",1,mxd-364-tws-earbuds-square-case.webp,
AirPods,MXD-365,mxd-365,https://mxdindia.com/p/mxd-365,,,"Cut the cord with true wireless earbuds built for everyday listening. The MXD-365 comes with in-ear stem design with silicone tips, 4-dot LED battery indicator on case and pocket-size round case. Colour: Navy Blue. MXD – Quality for Everyone.",1,mxd-365-tws-earbuds-led-battery-indicator.webp,
Neckband,MXD-369,mxd-369,https://mxdindia.com/p/mxd-369,,,"Wireless freedom with all-day comfort around your neck. The MXD-369 comes with slim lightweight neckband, in-ear silicone tips and in-line controls. Colour: Black. MXD – Quality for Everyone.",1,mxd-369-bluetooth-neckband-slim.webp,
AirPods,MXD-377,mxd-377,https://mxdindia.com/p/mxd-377,,,"Cut the cord with true wireless earbuds built for everyday listening. The MXD-377 comes with in-ear stem design with silicone tips, gold accent trim on case and glossy black finish. Colour: Black with Gold trim. MXD – Quality for Everyone.",1,mxd-377-tws-earbuds-black-gold.webp,
AirPods,MXD-378,mxd-378,https://mxdindia.com/p/mxd-378,,,"Cut the cord with true wireless earbuds built for everyday listening. The MXD-378 comes with in-ear stem design with silicone tips, status LED on buds and case and metallic finish case. Colour: Metallic Grey. MXD – Quality for Everyone.",1,mxd-378-tws-earbuds-metallic-grey.webp,
AirPods,MXD-400,mxd-400,https://mxdindia.com/p/mxd-400,,,"Cut the cord with true wireless earbuds built for everyday listening. The MXD-400 comes with two-tone navy and cream design, chrome stem accents and in-ear silicone tips. Colour: Navy Blue / Cream. MXD – Quality for Everyone.",1,mxd-400-tws-earbuds-two-tone-navy.webp,
Neckband,MXD-401,mxd-401,https://mxdindia.com/p/mxd-401,,,"Wireless freedom with all-day comfort around your neck. The MXD-401 comes with carbon-texture control pods, magnetic earbuds and flexible neckband. Colour: Black. MXD – Quality for Everyone.",1,mxd-401-bluetooth-neckband-carbon.webp,
Data Cable,MXD-DC407,mxd-407,https://mxdindia.com/p/mxd-407,,-33%,"A dependable everyday cable for charging and data sync. The MXD-407 comes with 3.1 A fast charging, 1 m length and sync + charge. Colour: White. MXD – Quality for Everyone.",1,mxd-407-micro-usb-data-cable-3a.webp,
AirPods,MXD-412,mxd-412,https://mxdindia.com/p/mxd-412,,,"Cut the cord with true wireless earbuds built for everyday listening. The MXD-412 comes with in-ear stem design with silicone tips, ribbed-texture charging case and LED status indicator. Colour: Black. MXD – Quality for Everyone.",1,mxd-412-tws-earbuds-matte-black.webp,
Pen Drive,MXD-418,mxd-418,https://mxdindia.com/p/mxd-418,,,"Carry your files everywhere. The MXD-418 comes with metal body, keyring loop and compact design. Colour: Silver. MXD – Quality for Everyone.",1,mxd-418-metal-usb-pen-drive.webp,
AirPods,MXD-420,mxd-420,https://mxdindia.com/p/mxd-420,,,"Cut the cord with true wireless earbuds built for everyday listening. The MXD-420 comes with see-through orange charging case, chrome-finish stems and in-ear silicone tips. Colour: Orange (transparent). MXD – Quality for Everyone.",1,mxd-420-tws-earbuds-transparent-orange.webp,
Neckband,MXD-423,mxd-423,https://mxdindia.com/p/mxd-423,,,"Wireless freedom with all-day comfort around your neck. The MXD-423 comes with metallic finish control pods, magnetic earbuds and flexible neckband. Colour: Black / Gunmetal. MXD – Quality for Everyone.",1,mxd-423-bluetooth-neckband-metallic.webp,
Neckband,MXD-424,mxd-424,https://mxdindia.com/p/mxd-424,,,"Wireless freedom with all-day comfort around your neck. The MXD-424 comes with magnetic earbuds, flexible neckband and in-line controls. Colour: Black. MXD – Quality for Everyone.",1,mxd-424-bluetooth-neckband-classic.webp,
Neckband,MXD-427,mxd-427,https://mxdindia.com/p/mxd-427,,,"Wireless freedom with all-day comfort around your neck. The MXD-427 comes with red-accent earbuds, flexible neckband and in-line controls. Colour: Black / Red. MXD – Quality for Everyone.",1,mxd-427-bluetooth-neckband-red-accent.webp,
Data Cable,MXD-428,mxd-428,https://mxdindia.com/p/mxd-428,,,"A dependable everyday cable for charging and data sync. The MXD-428 comes with type-C to Lightning, braided cable and fast charging for iPhone. Colour: White. MXD – Quality for Everyone.",1,mxd-428-type-c-to-lightning-braided-cable.webp,
Neckband,MXD-429,mxd-429,https://mxdindia.com/p/mxd-429,,,"Wireless freedom with all-day comfort around your neck. The MXD-429 comes with red-accent earbuds, textured control pods and flexible neckband. Colour: Black / Red. MXD – Quality for Everyone.",1,mxd-429-bluetooth-neckband-sport.webp,
AirPods,MXD-430,mxd-430,https://mxdindia.com/p/mxd-430,,,"Cut the cord with true wireless earbuds built for everyday listening. The MXD-430 comes with in-ear stem design with chrome tips, pebble-shaped charging case and LED status indicator. Colour: White. MXD – Quality for Everyone.",1,mxd-430-tws-earbuds-white-430.webp,
AirPods,MXD-431,mxd-431,https://mxdindia.com/p/mxd-431,,,"Cut the cord with true wireless earbuds built for everyday listening. The MXD-431 comes with in-ear stem design with chrome tips, pebble-shaped charging case and LED status indicator. Colour: White. MXD – Quality for Everyone.",1,mxd-431-tws-earbuds-white-431.webp,
AirPods,MXD-435,mxd-435,https://mxdindia.com/p/mxd-435,,,"Cut the cord with true wireless earbuds built for everyday listening. The MXD-435 comes with pro-style in-ear buds with silicone tips, charging case with lanyard strap and LED status indicator. Colour: White. MXD – Quality for Everyone.",1,mxd-435-pro-tws-earbuds-lanyard.webp,
Neckband,MXD-436,mxd-436,https://mxdindia.com/p/mxd-436,,,"Wireless freedom with all-day comfort around your neck. The MXD-436 comes with bronze-finish metal earbuds, carbon-texture pods and flexible neckband. Colour: Black / Bronze. MXD – Quality for Everyone.",1,mxd-436-bluetooth-neckband-bronze.webp,
Ear Phone,MXD-505,mxd-505,https://mxdindia.com/p/mxd-505,,-50%,"Reliable wired sound for calls, music and gaming. The MXD-505 comes with metal earpiece housing, in-ear silicone tips and 1.2 m cable. Colour: Red. MXD – Quality for Everyone.",1,mxd-505-wired-earphones-red.webp,
Ear Phone,MXD-507,mxd-507,https://mxdindia.com/p/mxd-507,,,"Reliable wired sound for calls, music and gaming. The MXD-507 comes with metallic bullet-style earpieces, in-ear silicone tips and tangle-resistant round cable. Colour: Black. MXD – Quality for Everyone.",1,mxd-507-wired-earphones-black-metal.webp,
Ear Phone,MXD-509,mxd-509,https://mxdindia.com/p/mxd-509,,,"Reliable wired sound for calls, music and gaming. The MXD-509 comes with ergonomic angled earpieces, red-accent silicone tips and soft round cable. Colour: Black / Red tips. MXD – Quality for Everyone.",1,mxd-509-wired-earphones-ergonomic.webp,
Ear Phone,MXD-515,mxd-515,https://mxdindia.com/p/mxd-515,,,"Reliable wired sound for calls, music and gaming. The MXD-515 comes with braided tangle-free cable, textured angular earpieces and red-accent silicone tips. Colour: Black. MXD – Quality for Everyone.",1,mxd-515-wired-earphones-braided.webp,
Ear Phone,MXD-521,mxd-521,https://mxdindia.com/p/mxd-521,,,"Reliable wired sound for calls, music and gaming. The MXD-521 comes with USB Type-C plug, metal earpiece housing and braided cable. Colour: Black. MXD – Quality for Everyone.",1,mxd-521-type-c-wired-earphones.webp,
Power Bank,MXD-572,mxd-572,https://mxdindia.com/p/mxd-572,,,"Portable power for your phone on the go. The MXD-572 comes with slim textured body, LED battery indicator and pocket-friendly. Colour: Black. MXD – Quality for Everyone.",1,mxd-572-slim-power-bank.webp,
Speaker,MXD-585,mxd-585,https://mxdindia.com/p/mxd-585,,,"Room-filling sound in a classic wooden cabinet. The MXD-585 comes with wood-finish cabinet, full-front mesh grille with large driver and top carry handle. Colour: Wood Brown / Black. MXD – Quality for Everyone.",1,mxd-585-wooden-cabinet-speaker.webp,
Data Cable,MXD-601,mxd-601,https://mxdindia.com/p/mxd-601,,-33%,"Connect your phone to car stereos, speakers and headphones. The MXD-601 comes with 3.5 mm to 3.5 mm, braided cable and gold-look connectors. Colour: White. MXD – Quality for Everyone.",1,mxd-601-3-5mm-aux-cable-braided.webp,
Data Cable,MXD-607,mxd-607,https://mxdindia.com/p/mxd-607,,,"Connect your phone to car stereos, speakers and headphones. The MXD-607 comes with 3.5 mm to 3.5 mm, red braided cable and gold-plated connectors. Colour: Red / Black. MXD – Quality for Everyone.",1,mxd-607-3-5mm-aux-cable-red.webp,
Data Cable,MXD-608,mxd-608,https://mxdindia.com/p/mxd-608,,,"Connect your phone to car stereos, speakers and headphones. The MXD-608 comes with 3.5 mm to 3.5 mm, black braided cable and gold-plated connectors. Colour: Black / Red. MXD – Quality for Everyone.",1,mxd-608-3-5mm-aux-cable-black.webp,
Data Cable,MXD-663,mxd-663,https://mxdindia.com/p/mxd-663,,,"A dependable everyday cable for charging and data sync. The MXD-663 comes with flexible strain-relief design, sync + charge and durable PVC cable. Colour: White. MXD – Quality for Everyone.",1,mxd-663-micro-usb-cable-flex.webp,
Data Cable,MXD-DC674,mxd-674-85-w,https://mxdindia.com/p/mxd-674-85-w,,-33%,"A dependable everyday cable for charging and data sync. The MXD-674 comes with 85 W fast charging, 10,000+ bend lifespan and 6 mm thick, 1 m cable. Colour: Red / White. MXD – Quality for Everyone.",1,mxd-674-85w-type-c-cable.webp,
Data Cable,MXD-680,mxd-680,https://mxdindia.com/p/mxd-680,,,"A dependable everyday cable for charging and data sync. The MXD-680 comes with short length – ideal for power banks, textured/braided cable and reinforced connectors. Colour: White. MXD – Quality for Everyone.",1,mxd-680-short-type-c-cable.webp,
Data Cable,MXD-690,mxd-690,https://mxdindia.com/p/mxd-690,,,"A dependable everyday cable for charging and data sync. The MXD-690 comes with armoured flexible collar, sync + charge and durable cable. Colour: White. MXD – Quality for Everyone.",1,mxd-690-micro-usb-cable-armoured.webp,
Data Cable,MXD-691,mxd-691,https://mxdindia.com/p/mxd-691,,,"A dependable everyday cable for charging and data sync. The MXD-691 comes with USB-A to Type-C, blue connector housing and durable cable. Colour: Blue / Grey. MXD – Quality for Everyone.",1,mxd-691-type-c-cable-blue.webp,
Data Cable,MXD-704,mxd-704,https://mxdindia.com/p/mxd-704,,,"A dependable everyday cable for charging and data sync. The MXD-704 comes with round PVC cable, moulded strain-relief connectors and sync + charge. Colour: White. MXD – Quality for Everyone.",1,mxd-704-micro-usb-cable-white.webp,
Data Cable,MXD-718,mxd-718,https://mxdindia.com/p/mxd-718,,-33%,"A dependable everyday cable for charging and data sync. The MXD-718 comes with USB-A to Type-C, flat red cable and fast charging. Colour: Red / White. MXD – Quality for Everyone.",1,mxd-718-type-c-cable-red-flat.webp,
Charger,MXD-726,mxd-726,https://mxdindia.com/p/mxd-726,,,"Keep your phone topped up on every drive. The MXD-726 comes with twin USB-A ports, built-in coiled 3-in-1 cable and green LED edge light. Colour: White. MXD – Quality for Everyone.",1,mxd-726-car-charger-3-in-1-coiled-cable.webp,
Data Cable,MXD-727,mxd-727,https://mxdindia.com/p/mxd-727,,,"A dependable everyday cable for charging and data sync. The MXD-727 comes with type-C to Type-C, braided cable and PD fast charging. Colour: White. MXD – Quality for Everyone.",1,mxd-727-type-c-to-type-c-braided-cable.webp,
Data Cable,MXD-735,mxd-735,https://mxdindia.com/p/mxd-735,,,"A dependable everyday cable for charging and data sync. The MXD-735 comes with thick durable cable, grey reinforced collars and sync + charge. Colour: White / Grey. MXD – Quality for Everyone.",1,mxd-735-micro-usb-cable-thick.webp,
Ear Phone,MXD-755,mxd-755,https://mxdindia.com/p/mxd-755,,,"Reliable wired sound for calls, music and gaming. The MXD-755 comes with ergonomic in-ear fit, green silicone tips and blue cable. Colour: Blue / Green. MXD – Quality for Everyone.",1,mxd-755-wired-earphones-blue-green.webp,
Ear Phone,MXD-770,mxd-770,https://mxdindia.com/p/mxd-770,,,"Reliable wired sound for calls, music and gaming. The MXD-770 comes with chrome metal earpieces, braided cable and in-ear silicone tips. Colour: Black / Chrome. MXD – Quality for Everyone.",1,mxd-770-wired-earphones-metal-chrome.webp,
Ear Phone,MXD-774,mxd-774,https://mxdindia.com/p/mxd-774,,,"Reliable wired sound for calls, music and gaming. The MXD-774 comes with 3.5 mm jack, lime silicone tips and navy cable. Colour: Navy / Lime. MXD – Quality for Everyone.",1,mxd-774-wired-earphones-navy-lime.webp,
Speaker,MXD-812,mxd-812,https://mxdindia.com/p/mxd-812,,,"Take your music anywhere with this portable speaker. The MXD-812 comes with cube design, RGB ring light and top control buttons. Colour: Blue / Orange. MXD – Quality for Everyone.",1,mxd-812-cube-bluetooth-speaker-blue.webp,
Speaker,MXD-852,mxd-852,https://mxdindia.com/p/mxd-852,,,"Take your music anywhere with this portable speaker. The MXD-852 comes with round ball design, 360° RGB light ring and carry loop. Colour: Black / RGB. MXD – Quality for Everyone.",1,mxd-852-ball-bluetooth-speaker-rgb.webp,
Speaker,MXD-853,mxd-853,https://mxdindia.com/p/mxd-853,,,"Take your music anywhere with this portable speaker. The MXD-853 comes with rectangular compact body, RGB light side panel and side controls + carry loop. Colour: Black / RGB. MXD – Quality for Everyone.",1,mxd-853-portable-speaker-rgb-panel.webp,
Speaker,MXD-854,mxd-854,https://mxdindia.com/p/mxd-854,,,"Take your music anywhere with this portable speaker. The MXD-854 comes with rugged rounded body, top control buttons and carry loop. Colour: Black. MXD – Quality for Everyone.",1,mxd-854-compact-portable-speaker.webp,
Speaker,MXD-861,mxd-861,https://mxdindia.com/p/mxd-861,,,"Take your music anywhere with this portable speaker. The MXD-861 comes with soundbar-style body, built-in phone/tablet stand slot and dual RGB light rings. Colour: Black. MXD – Quality for Everyone.",1,mxd-861-soundbar-speaker-phone-stand.webp,
Speaker,MXD-862,mxd-862,https://mxdindia.com/p/mxd-862,,,"Take your music anywhere with this portable speaker. The MXD-862 comes with off-road tyre design, RGB rim lighting and chrome alloy-style centre. Colour: Black / RGB. MXD – Quality for Everyone.",1,mxd-862-tyre-shaped-rgb-speaker.webp,
Speaker,MXD-866,mxd-866,https://mxdindia.com/p/mxd-866,,,"Turn any gathering into a party. The MXD-866 comes with dual woofers with RGB light rings, wired karaoke mic + remote included and LED display + top control knob. Colour: Black / RGB. MXD – Quality for Everyone.",1,mxd-866-party-speaker-karaoke-mic.webp,
Microphone,MXD-874,mxd-874,https://mxdindia.com/p/mxd-874,,,"Clear, cable-free audio for creators, vlogs and interviews. The MXD-874 comes with 2 clip-on wireless mics, foam windscreens and plug-in Type-C receiver. Colour: Black. MXD – Quality for Everyone.",1,mxd-874-wireless-lavalier-mic-foam-type-c.webp,
Speaker,MXD-878 TS,mxd-860-speaker,https://mxdindia.com/p/mxd-860-speaker,,-50%,"Home-theatre style sound in a slim standing tower. The MXD-878 comes with 150 W PMPO, remote, FM radio, AUX in, Bluetooth 5.0 and LED front panel. Colour: Black. MXD – Quality for Everyone.",1,mxd-878-tower-speaker-150w.webp,
Microphone,MXD-880,mxd-880,https://mxdindia.com/p/mxd-880,,,"Clear, cable-free audio for creators, vlogs and interviews. The MXD-880 comes with magnetic clip-on wireless mics, plug-in Type-C receiver and charging case with digital battery display. Colour: Black. MXD – Quality for Everyone.",1,mxd-880-wireless-clip-mic-type-c-display-case.webp,
Microphone,MXD-882,mxd-882,https://mxdindia.com/p/mxd-882,,,"Clear, cable-free audio for creators, vlogs and interviews. The MXD-882 comes with 2 clip-on wireless mics, plug-in Type-C receiver and charging case with digital display. Colour: Black / Yellow. MXD – Quality for Everyone.",1,mxd-882-wireless-lavalier-mic-dual-type-c.webp,
Speaker,MXD-887,mxd-887,https://mxdindia.com/p/mxd-887,,,"Take your music anywhere with this portable speaker. The MXD-887 comes with compact cylinder design, physical mode/track buttons and metal-look top. Colour: Black. MXD – Quality for Everyone.",1,mxd-887-mini-bluetooth-speaker.webp,
Speaker,MXD-898,mxd-898,https://mxdindia.com/p/mxd-898,,-50%,"Take your music anywhere with this portable speaker. The MXD-898 comes with 5 W RMS, 4 hr battery, 10 m range, RGB ring light and carry strap. Colour: Green / Orange. MXD – Quality for Everyone.",1,mxd-898-cube-bluetooth-speaker-green.webp,
Speaker,MXD-899,mxd-899,https://mxdindia.com/p/mxd-899,,,"Take your music anywhere with this portable speaker. The MXD-899 comes with stereo bar design, carry strap and top control buttons. Colour: Blue / Orange strap. MXD – Quality for Everyone.",1,mxd-899-bar-bluetooth-speaker-blue.webp,
Stand & Holder,MXD-952,mxd-952,https://mxdindia.com/p/mxd-952,,,"Keep your phone secure and visible while you ride. The MXD-952 comes with mirror-stem mount, adjustable grip arms and fits most smartphones. Colour: Black. MXD – Quality for Everyone.",1,mxd-952-bike-mobile-holder-mirror-mount.webp,
Ear Phone,MXD-M10,mxd-m10,https://mxdindia.com/p/mxd-m10,,,"Reliable wired sound for calls, music and gaming. The MXD-M10 comes with 3.5 mm jack, metal earpieces and braided cable. Colour: Champagne Gold. MXD – Quality for Everyone.",1,mxd-m10-wired-earphones-metal-gold.webp,
Ear Phone,MXD-M8,mxd-m8-earphone,https://mxdindia.com/p/mxd-m8-earphone,,-50%,"Reliable wired sound for calls, music and gaming. The MXD-M8 comes with 10 mm speaker driver, 3.5 mm jack and 1.2 m cable. Colour: Gunmetal. MXD – Quality for Everyone.",1,mxd-m8-wired-earphones-metal-m8.webp,
